Code Snapshot,Assets,
https://code.earthengine.google.com/ea6f50447bece4c33cddfad764187eb9,USGS 3DEP 1m National Map  |  Earth Engine Data Catalog  |  Google for Developers,
https://code.earthengine.google.com/c4a30002b76c604942b70ddf828fa2b2,,
https://code.earthengine.google.com/641f7a05bc825d1ea07e0d7c91660ea4,,Touhidur
https://code.earthengine.google.com/4c4410ca1d3e300978fc7148bfe89a89,,Beryl
https://code.earthengine.google.com/fd26f943f301f49ca9223fa392618696,,harvey
https://code.earthengine.google.com/351cfb81b95809a932a95fa440985f8d,,December 7th flood
https://code.earthengine.google.com/9c1b0183e7b1ea0f7cb2b8a55799383d,,Tr. Storm Imelda
https://code.earthengine.google.com/3ad8fb65b4092efdb1118a97e92766e2,,Tr. Storm Beta
https://code.earthengine.google.com/8015927d9983467317f5e235ecd16e4e,,Hurricane Laura
https://code.earthengine.google.com/f49201bdcc823cbb25e151dd1efa92e9,,Tax Day Flood 2016
,,
